{"extrinsic_cam2world":[0.9613364338874817,0.2677295207977295,0.06444508582353592,-3.516957998275757,-0.2753766179084778,0.9346405863761902,0.2249770164489746,-8.375473022460938,0.0,-0.2340252697467804,0.9722304940223694,1.884460687637329],"fov_h_degrees":74.80044245881786,"frame_idx":19,"img_h":720,"img_w":1280,"time_us":69076261}
