{"extrinsic_cam2world":[-0.391353964805603,0.8977298736572266,0.20229485630989075,-7.451494216918945,-0.9202402830123901,-0.38178086280822754,-0.08603066951036453,0.9861417412757874,-7.450580596923828e-09,-0.2198283076286316,0.9755385518074036,1.8617260456085205],"fov_h_degrees":74.80333519195547,"frame_idx":14,"img_h":720,"img_w":1280,"time_us":64072209}
