{"extrinsic_cam2world":[-0.513756513595581,-0.8466504812240601,-0.13869833946228027,4.425874710083008,0.8579360246658325,-0.5069984197616577,-0.0830565094947815,2.2547624111175537,-7.450580596923828e-09,-0.16166512668132782,0.9868456721305847,1.7704107761383057],"fov_h_degrees":74.85577513578764,"frame_idx":7,"img_h":720,"img_w":1280,"time_us":57051039}
