{"extrinsic_cam2world":[0.4396604895591736,-0.8870728611946106,-0.14071424305438995,5.551279067993164,0.8981640934944153,0.4342312216758728,0.0688810721039772,-5.415241241455078,0.0,-0.1566687524318695,0.9876512289047241,1.7690684795379639],"fov_h_degrees":75.07613756483651,"frame_idx":3,"img_h":720,"img_w":1280,"time_us":53065298}
