{"extrinsic_cam2world":[-0.048958659172058105,0.9652935862541199,0.2565370500087738,-7.609776496887207,-0.9988008141517639,-0.04731619358062744,-0.012574777007102966,-1.1698590517044067,0.0,-0.25684505701065063,0.9664525985717773,1.9210469722747803],"fov_h_degrees":74.8022214166871,"frame_idx":15,"img_h":720,"img_w":1280,"time_us":65073250}
