{"extrinsic_cam2world":[-0.36215436458587646,-0.9196901917457581,-0.15170416235923767,5.270387172698975,0.9321181178092957,-0.35732579231262207,-0.05894138291478157,0.44579562544822693,7.450580596923828e-09,-0.16275207698345184,0.9866669774055481,1.7730170488357544],"fov_h_degrees":74.8827734531222,"frame_idx":6,"img_h":720,"img_w":1280,"time_us":56067169}
