{"extrinsic_cam2world":[-0.1977686882019043,-0.966892421245575,-0.16126535832881927,6.009189605712891,0.9802486300468445,-0.19507408142089844,-0.03253588080406189,-1.2340257167816162,0.0,-0.16451473534107208,0.9863746166229248,1.7771750688552856],"fov_h_degrees":74.92364322229795,"frame_idx":5,"img_h":720,"img_w":1280,"time_us":55066980}
