{"extrinsic_cam2world":[0.45026642084121704,0.8656964898109436,0.21870002150535583,-6.551000595092773,-0.8928942084312439,0.43655121326446533,0.11028546839952469,-5.018974781036377,-7.450580596923828e-09,-0.2449338436126709,0.9695398211479187,1.9019415378570557],"fov_h_degrees":74.80099680054724,"frame_idx":17,"img_h":720,"img_w":1280,"time_us":67074543}
