{"extrinsic_cam2world":[0.13042128086090088,-0.9785832762718201,-0.15926438570022583,6.239110946655273,0.9914587140083313,0.12872761487960815,0.02095041424036026,-3.3000988960266113,0.0,-0.16063642501831055,0.9870136380195618,1.7727844715118408],"fov_h_degrees":74.98481939431139,"frame_idx":4,"img_h":720,"img_w":1280,"time_us":54066185}
