{"extrinsic_cam2world":[-0.6623914241790771,0.7313145399093628,0.16253313422203064,-6.355180740356445,-0.7491581439971924,-0.6466143131256104,-0.14370867609977722,2.864065647125244,7.450580596923828e-09,-0.21695438027381897,0.9761817455291748,1.8559248447418213],"fov_h_degrees":74.8049681082437,"frame_idx":13,"img_h":720,"img_w":1280,"time_us":63071548}
