{"extrinsic_cam2world":[-0.9938589334487915,-0.10823433846235275,-0.0230089221149683,-0.9897092580795288,0.11065297573804855,-0.9721351861953735,-0.20666073262691498,5.82845401763916,0.0,-0.20793764293193817,0.9781420826911926,1.90360689163208],"fov_h_degrees":74.81671782807908,"frame_idx":10,"img_h":720,"img_w":1280,"time_us":60053104}
