{"extrinsic_cam2world":[0.9392839074134827,-0.34064579010009766,-0.04130630940198898,0.7686300277709961,0.34314101934432983,0.9324536323547363,0.11306824535131454,-8.477777481079102,0.0,-0.1203770712018013,0.9927282333374023,1.7046399116516113],"fov_h_degrees":74.80021064526566,"frame_idx":21,"img_h":720,"img_w":1280,"time_us":71062437}
