{"extrinsic_cam2world":[0.9999590516090393,-0.00890209898352623,-0.0016188693698495626,-1.4602711200714111,0.0090480986982584,0.9838236570358276,0.17891083657741547,-8.824456214904785,5.820766091346741e-11,-0.17891816794872284,0.9838639497756958,1.8089799880981445],"fov_h_degrees":74.80029631534856,"frame_idx":20,"img_h":720,"img_w":1280,"time_us":70047687}
