{"extrinsic_cam2world":[-0.754731297492981,-0.6472991108894348,-0.10669755935668945,2.9493398666381836,0.6560339331626892,-0.7446823120117188,-0.12274973094463348,3.982481002807617,-3.725290298461914e-09,-0.1626402884721756,0.9866854548454285,1.767034888267517],"fov_h_degrees":74.83707937032885,"frame_idx":8,"img_h":720,"img_w":1280,"time_us":58068163}
