{"extrinsic_cam2world":[0.5272089838981628,0.8240407705307007,0.20738264918327332,-5.678938388824463,-0.8497357368469238,0.511266827583313,0.12866826355457306,-6.568838596343994,7.450580596923828e-09,-0.24405549466609955,0.9697612524032593,1.9005205631256104],"fov_h_degrees":74.800669234132,"frame_idx":18,"img_h":720,"img_w":1280,"time_us":68047390}
