{"extrinsic_cam2world":[-0.9959112405776978,0.08799271285533905,0.020450154319405556,-2.3683865070343018,-0.0903378427028656,-0.9700577259063721,-0.2254485785961151,4.288745403289795,0.0,-0.22637417912483215,0.9740403890609741,1.7964308261871338],"fov_h_degrees":74.81111224909019,"frame_idx":11,"img_h":720,"img_w":1280,"time_us":61070344}
