{"extrinsic_cam2world":[0.32446378469467163,0.917645275592804,0.2294568121433258,-7.3656744956970215,-0.9458981156349182,0.31477242708206177,0.07870873063802719,-3.484412431716919,7.450580596923828e-09,-0.24258089065551758,0.9701311588287354,1.8981982469558716],"fov_h_degrees":74.80149571410139,"frame_idx":16,"img_h":720,"img_w":1280,"time_us":66073639}
