{"extrinsic_cam2world":[-0.9199557304382324,-0.3870396614074707,-0.0623072013258934,1.118188738822937,0.3920227885246277,-0.9082618951797485,-0.14621564745903015,5.269108295440674,1.862645149230957e-09,-0.1589377224445343,0.9872885942459106,1.7646294832229614],"fov_h_degrees":74.82480483669924,"frame_idx":9,"img_h":720,"img_w":1280,"time_us":59068506}
