{"extrinsic_cam2world":[0.9054902195930481,-0.4200179874897003,-0.060599617660045624,3.2027742862701416,0.42436710000038147,0.8962103724479675,0.12930400669574738,-7.569501876831055,-1.862645149230957e-09,-0.1427999883890152,0.9897515773773193,1.7554247379302979],"fov_h_degrees":75.41691481592885,"frame_idx":1,"img_h":720,"img_w":1280,"time_us":51067110}
