{"extrinsic_cam2world":[0.8322396278381348,-0.5543433427810669,-0.008986210450530052,2.5604000091552734,0.5544161796569824,0.8321302533149719,0.01348929014056921,-7.45460844039917,0.0,-0.01620842143893242,0.999868631362915,1.5358026027679443],"fov_h_degrees":74.80014009355848,"frame_idx":22,"img_h":720,"img_w":1280,"time_us":72046991}
