{"extrinsic_cam2world":[-0.9202132225036621,0.38200369477272034,0.08532901108264923,-4.3616251945495605,-0.3914177715778351,-0.8980810642242432,-0.2006063163280487,4.269797325134277,3.725290298461914e-09,-0.21799984574317932,0.9759488105773926,1.8448125123977661],"fov_h_degrees":74.80748311997947,"frame_idx":12,"img_h":720,"img_w":1280,"time_us":62054170}
