{"extrinsic_cam2world":[0.8858393430709839,-0.4592767059803009,-0.06598115712404251,3.752626419067383,0.46399202942848206,0.8768370151519775,0.12596920132637024,-7.2640275955200195,0.0,-0.1422032117843628,0.9898374676704407,1.7489001750946045],"fov_h_degrees":75.21267220841106,"frame_idx":2,"img_h":720,"img_w":1280,"time_us":52064712}
