
{    "fov": 90.84197235107422,
    "aspect_ratio": 1.7777,
    "location": {
        "x": 0.68618774414065,
        "y": -0.8703918457031,
        "z": -0.2183837890625
    },
    "rotation": {
        "roll": 0,
        "pitch": -0.212,
        "yaw": 2.572
    }
}