
{    "fov": 104.30647277832031,
    "aspect_ratio": 1.7777,
    "location": {
        "x": -2.10540771484375375,
        "y": 0.85745239257815,
        "z": 1.7547607421875
    },
    "rotation": {
        "roll": 0,
        "pitch": -0.047,
        "yaw": 2.555
    }
}