{"extrinsic_cam2world":[-0.05410575866699219,-0.9840606451034546,-0.16940318048000336,5.260402202606201,0.9985352754592896,-0.0533214807510376,-0.009179100394248962,-0.6086084246635437,0.0,-0.16965168714523315,0.9855040907859802,1.7814399003982544],"fov_h_degrees":74.8000141086497,"frame_idx":5,"img_h":720,"img_w":1280,"time_us":762462724}
