{"extrinsic_cam2world":[-0.1442633867263794,0.9717012643814087,0.18704143166542053,-7.66855525970459,-0.9895392656326294,-0.1416628360748291,-0.027268491685390472,0.6960388422012329,0.0,-0.18901869654655457,0.9819734692573547,1.8123624324798584],"fov_h_degrees":74.8000141086497,"frame_idx":13,"img_h":720,"img_w":1280,"time_us":770484724}
