{"extrinsic_cam2world":[-0.8900792598724365,-0.4442448318004608,-0.10200691968202591,1.5896105766296387,0.4558057487010956,-0.8675036430358887,-0.1991950422525406,4.226566314697266,0.0,-0.22379471361637115,0.9746363162994385,1.8680715560913086],"fov_h_degrees":74.8000141086497,"frame_idx":8,"img_h":720,"img_w":1280,"time_us":765464320}
