{"extrinsic_cam2world":[0.49029916524887085,0.8559226393699646,0.16432622075080872,-7.0999321937561035,-0.8715541958808899,0.48150551319122314,0.09244291484355927,-3.688070774078369,7.450580596923828e-09,-0.188543900847435,0.9820647835731506,1.8116695880889893],"fov_h_degrees":74.8000141086497,"frame_idx":15,"img_h":720,"img_w":1280,"time_us":772469211}
