{"extrinsic_cam2world":[0.5515629053115845,-0.8268206119537354,-0.11020892858505249,5.3662309646606445,0.8341332674026489,0.5467274785041809,0.07287462800741196,-5.8270368576049805,-3.725290298461914e-09,-0.13212387263774872,0.991233229637146,1.7213048934936523],"fov_h_degrees":74.8000141086497,"frame_idx":2,"img_h":720,"img_w":1280,"time_us":759477467}
