{"extrinsic_cam2world":[0.3751063346862793,-0.9191423654556274,-0.12030158936977386,5.401288986206055,0.9269818067550659,0.37193411588668823,0.048680443316698074,-2.8063464164733887,0.0,-0.129777729511261,0.9915431141853333,1.717544436454773],"fov_h_degrees":74.8000141086497,"frame_idx":4,"img_h":720,"img_w":1280,"time_us":761478782}
