{"extrinsic_cam2world":[0.5299112796783447,-0.8408535718917847,-0.11026869714260101,4.968257904052734,0.848052978515625,0.5254126787185669,0.06890209019184113,-4.550082683563232,-3.725290298461914e-09,-0.1300256997346878,0.9915106296539307,1.7179592847824097],"fov_h_degrees":74.8000141086497,"frame_idx":3,"img_h":720,"img_w":1280,"time_us":760461554}
