{"extrinsic_cam2world":[-0.9997291564941406,-0.022673647850751877,-0.005245355423539877,-2.093186140060425,0.023272473365068436,-0.9740049839019775,-0.22532778978347778,4.311306953430176,0.0,-0.22538882493972778,0.974268913269043,1.8595150709152222],"fov_h_degrees":74.8000141086497,"frame_idx":10,"img_h":720,"img_w":1280,"time_us":767465128}
