{"extrinsic_cam2world":[-0.7111835479736328,0.6912165880203247,0.1282106637954712,-6.458809852600098,-0.7030066251754761,-0.6992563009262085,-0.1297018975019455,3.149327039718628,0.0,-0.1823747605085373,0.9832291007041931,1.80111825466156],"fov_h_degrees":74.8000141086497,"frame_idx":12,"img_h":720,"img_w":1280,"time_us":769466881}
