{"extrinsic_cam2world":[0.5394754409790039,-0.8352651596069336,-0.10629401355981827,6.119838237762451,0.8420013189315796,0.5351594686508179,0.06810321658849716,-6.265569686889648,0.0,-0.12623971700668335,0.9919997453689575,1.7118866443634033],"fov_h_degrees":74.8000141086497,"frame_idx":1,"img_h":720,"img_w":1280,"time_us":758716204}
