{"extrinsic_cam2world":[0.6804693937301636,0.7226405143737793,0.12145861983299255,-5.88929557800293,-0.7327765226364136,0.671056866645813,0.11278863251209259,-5.204177379608154,0.0,-0.16575123369693756,0.9861676096916199,1.7751983404159546],"fov_h_degrees":74.8000141086497,"frame_idx":16,"img_h":720,"img_w":1280,"time_us":773486347}
