{"extrinsic_cam2world":[-0.9625042676925659,-0.26446738839149475,-0.060352303087711334,-0.33299362659454346,0.27126631140708923,-0.9383804798126221,-0.21414142847061157,5.053895473480225,1.862645149230957e-09,-0.22248360514640808,0.9749364256858826,1.865973711013794],"fov_h_degrees":74.8000141086497,"frame_idx":9,"img_h":720,"img_w":1280,"time_us":766481274}
