{"extrinsic_cam2world":[0.045649051666259766,0.9794715642929077,0.1963455229997635,-7.773465156555176,-0.9989575147628784,0.044758617877960205,0.008972331881523132,-1.3175636529922485,0.0,-0.1965504139661789,0.9804937243461609,1.82447350025177],"fov_h_degrees":74.8000141086497,"frame_idx":14,"img_h":720,"img_w":1280,"time_us":771468219}
