{"extrinsic_cam2world":[-0.49683690071105957,-0.8514163494110107,-0.16805699467658997,4.585202217102051,0.8678438663482666,-0.48743224143981934,-0.09621192514896393,1.7578814029693604,-7.450580596923828e-09,-0.19364885985851288,0.981070876121521,1.819838047027588],"fov_h_degrees":74.8000141086497,"frame_idx":6,"img_h":720,"img_w":1280,"time_us":763479465}
