{"extrinsic_cam2world":[-0.7103743553161621,-0.6878412365913391,-0.1491389274597168,3.2947068214416504,0.7038238644599915,-0.6942429542541504,-0.1505269855260849,3.2006595134735107,-7.450580596923828e-09,-0.211898073554039,0.9772917628288269,1.8490369319915771],"fov_h_degrees":74.8000141086497,"frame_idx":7,"img_h":720,"img_w":1280,"time_us":764480153}
