{"extrinsic_cam2world":[-0.978474497795105,0.19969728589057922,0.052043646574020386,-4.163521766662598,-0.20636749267578125,-0.9468481540679932,-0.24676066637039185,4.35806941986084,-1.862645149230957e-09,-0.25218915939331055,0.9676779508590698,1.9044562578201294],"fov_h_degrees":74.8000141086497,"frame_idx":11,"img_h":720,"img_w":1280,"time_us":768482659}
